epoch,loss_train_1l,acc_train_1l,loss_val_1l,acc_val_1l,loss_test_1l,acc_test_1l,time_epoch_s_1l,loss_train_2l,acc_train_2l,loss_val_2l,acc_val_2l,loss_test_2l,acc_test_2l,time_epoch_s_2l
0,1.09993161,0.2095238095,1.100079122,0.25,1.100774702,0.09523809524,0,1.098088258,0.3714285714,1.100467,0.3333333333,1.098591787,0.3333333333,0
1,1.099581749,0.219047619,1.099726633,0.25,1.100385954,0.09523809524,1.313073,1.097001707,0.3619047619,1.09993924,0.3333333333,1.098327036,0.380952381,4.035076
2,1.099232902,0.2476190476,1.099375133,0.2916666667,1.099998444,0.1428571429,0.209983,1.096121433,0.419047619,1.099388694,0.375,1.098356242,0.380952381,2.761585
3,1.098884874,0.2761904762,1.099024441,0.2916666667,1.099611968,0.1904761905,0.424103,1.095590912,0.4666666667,1.098740692,0.375,1.098353204,0.2857142857,2.661179
4,1.098537472,0.3142857143,1.098674378,0.2916666667,1.099226323,0.1904761905,0.158292,1.09510207,0.4571428571,1.098080161,0.375,1.098116908,0.2857142857,2.721649
5,1.098190509,0.3142857143,1.098324772,0.2916666667,1.098841313,0.1904761905,0.410928,1.094569217,0.4476190476,1.097565757,0.375,1.09806825,0.3333333333,2.701146
6,1.097843801,0.3238095238,1.097975449,0.2916666667,1.098456746,0.2857142857,0.187086,1.093962772,0.4666666667,1.097462657,0.375,1.09788492,0.3333333333,2.733706
7,1.097497165,0.3428571429,1.097626243,0.3333333333,1.098072434,0.2857142857,0.170074,1.093494772,0.4857142857,1.097345708,0.3333333333,1.097709034,0.3333333333,2.690068
8,1.097150422,0.3523809524,1.097276985,0.3333333333,1.097688189,0.3333333333,0.408633,1.093079531,0.5047619048,1.097038918,0.3333333333,1.097344484,0.3333333333,3.063145
9,1.096803395,0.3714285714,1.096927511,0.3333333333,1.097303829,0.380952381,0.15772,1.092673283,0.5238095238,1.096884669,0.3333333333,1.097262584,0.3333333333,2.876023
10,1.096455907,0.380952381,1.096577657,0.3333333333,1.096919172,0.380952381,0.155349,1.092234542,0.5428571429,1.096545652,0.2916666667,1.096989205,0.3333333333,2.936283
11,1.096107783,0.4095238095,1.09622726,0.3333333333,1.096534036,0.4285714286,0.403645,1.091847911,0.5238095238,1.096517839,0.2916666667,1.096706927,0.3333333333,3.010773
12,1.09575885,0.4571428571,1.095876158,0.375,1.096148244,0.4285714286,0.155401,1.091330682,0.5142857143,1.09619922,0.3333333333,1.096346818,0.3333333333,3.027821
13,1.095408932,0.4761904762,1.095524189,0.4583333333,1.095761616,0.4285714286,0.156766,1.091010029,0.5333333333,1.09651167,0.2916666667,1.096002524,0.3333333333,2.85184
14,1.095057858,0.4857142857,1.095171192,0.5,1.095373976,0.4285714286,0.406692,1.090321702,0.5238095238,1.096102301,0.3333333333,1.09564525,0.4285714286,2.992583
15,1.094705455,0.5142857143,1.094817006,0.5,1.094985147,0.4761904762,0.168145,1.089752453,0.5904761905,1.095765085,0.3333333333,1.095237163,0.4285714286,2.822795
16,1.09435155,0.5333333333,1.094461469,0.5416666667,1.094594952,0.4761904762,0.162237,1.089142493,0.6,1.095017153,0.375,1.094886811,0.4285714286,2.813359
17,1.093995969,0.5619047619,1.09410442,0.5416666667,1.094203215,0.619047619,0.40352,1.088598731,0.6095238095,1.09490811,0.375,1.094347465,0.4285714286,2.678511
18,1.093638541,0.6095238095,1.093745697,0.5416666667,1.093809759,0.619047619,0.159526,1.088128554,0.6095238095,1.094158521,0.4166666667,1.094140638,0.4285714286,2.801784
19,1.093279092,0.6285714286,1.093385138,0.5416666667,1.093414408,0.6666666667,0.155542,1.087763922,0.6285714286,1.093935615,0.375,1.093774426,0.4285714286,2.822668
20,1.092917448,0.6380952381,1.093022581,0.5416666667,1.093016985,0.6666666667,0.409623,1.087367215,0.6285714286,1.093174398,0.375,1.093565496,0.4285714286,2.843161
21,1.092540376,0.6761904762,1.09265464,0.5833333333,1.09262635,0.7142857143,0.15934,1.087032841,0.6285714286,1.092959434,0.375,1.093290535,0.4285714286,2.798813
22,1.092161658,0.6761904762,1.09228514,0.5833333333,1.092234176,0.7142857143,0.160969,1.086608013,0.6666666667,1.092174669,0.375,1.093103205,0.4285714286,2.817308
23,1.091781192,0.6857142857,1.091913981,0.625,1.091840357,0.7142857143,0.40253,1.086292763,0.6571428571,1.092272746,0.375,1.092778775,0.4285714286,2.711547
24,1.091398874,0.7142857143,1.091541064,0.6666666667,1.091444788,0.7619047619,0.164841,1.085854222,0.6666666667,1.091788385,0.4166666667,1.0925449,0.4285714286,2.745706
25,1.0910146,0.7333333333,1.09116629,0.6666666667,1.091047363,0.7619047619,0.15888,1.085441693,0.6761904762,1.091170765,0.4166666667,1.092341231,0.4285714286,2.700915
26,1.090628268,0.7523809524,1.090789558,0.7083333333,1.090647976,0.8095238095,0.399459,1.085093479,0.6761904762,1.091010481,0.4166666667,1.09210388,0.4285714286,2.747051
27,1.090239772,0.7714285714,1.090410768,0.7083333333,1.090246521,0.8095238095,0.160451,1.08467107,0.6857142857,1.090335154,0.4166666667,1.091917774,0.4285714286,2.709233
28,1.089849009,0.780952381,1.090029819,0.7083333333,1.089842892,0.8571428571,0.157316,1.084357091,0.6857142857,1.090041171,0.4166666667,1.091646125,0.4285714286,2.760912
29,1.089455874,0.8095238095,1.089646611,0.7083333333,1.089436983,0.8571428571,0.407186,1.084029277,0.6857142857,1.089803769,0.4166666667,1.091431009,0.4285714286,2.738011
30,1.089060261,0.819047619,1.089261042,0.7083333333,1.089028685,0.8571428571,0.16575,1.083658894,0.6952380952,1.089339989,0.4166666667,1.091091004,0.4285714286,2.830263
31,1.088662065,0.8380952381,1.088873011,0.7083333333,1.088617893,0.8571428571,0.161382,1.083304928,0.6952380952,1.089168641,0.4166666667,1.090835249,0.4285714286,2.97095
32,1.08826118,0.8380952381,1.088482413,0.7083333333,1.088204497,0.8571428571,0.400916,1.082905767,0.6952380952,1.088958069,0.4166666667,1.090465696,0.4285714286,2.809501
33,1.087857499,0.8380952381,1.088089148,0.7083333333,1.087788389,0.8571428571,0.164095,1.082463263,0.6857142857,1.088548689,0.4166666667,1.090168094,0.4285714286,2.687807
34,1.087450915,0.8476190476,1.087693111,0.75,1.087369461,0.8571428571,0.157488,1.082011176,0.6857142857,1.088181579,0.4166666667,1.089949792,0.4761904762,2.91095
35,1.08704132,0.8571428571,1.087294199,0.7916666667,1.086947604,0.8571428571,0.404016,1.081535468,0.6761904762,1.087893299,0.4166666667,1.089687254,0.4761904762,2.919691
36,1.086628607,0.8571428571,1.086892307,0.7916666667,1.086522706,0.8571428571,0.166639,1.081159801,0.6761904762,1.087691498,0.4583333333,1.089397376,0.4761904762,2.795494
37,1.086212665,0.8571428571,1.086487331,0.7916666667,1.086094659,0.8571428571,0.16145,1.0806703,0.6761904762,1.087308953,0.4583333333,1.089119112,0.4761904762,2.713568
38,1.085793387,0.8571428571,1.086079163,0.7916666667,1.085663351,0.8571428571,0.406227,1.08021469,0.6761904762,1.086766699,0.5,1.088941928,0.4761904762,2.752676
39,1.085370662,0.8666666667,1.0856677,0.7916666667,1.085228669,0.8571428571,0.159666,1.079758723,0.6666666667,1.086555732,0.5,1.088619458,0.4761904762,2.70551
40,1.084944379,0.8666666667,1.085252832,0.7916666667,1.084790503,0.8571428571,0.155642,1.079367016,0.6666666667,1.086381207,0.5,1.088467272,0.4761904762,2.753361
41,1.084514426,0.8666666667,1.084834453,0.7916666667,1.084348739,0.8571428571,0.406044,1.078983727,0.6666666667,1.086035013,0.5,1.088343757,0.4761904762,2.705875
42,1.084080692,0.8666666667,1.084412455,0.7916666667,1.083903262,0.8571428571,0.160074,1.078562216,0.6761904762,1.085762863,0.5,1.087975229,0.4761904762,2.750531
43,1.083643064,0.8666666667,1.083986728,0.7916666667,1.08345396,0.8571428571,0.159098,1.078144225,0.6952380952,1.085390952,0.5416666667,1.087749056,0.5714285714,3.051062
44,1.083201428,0.8666666667,1.083557163,0.7916666667,1.083000716,0.8571428571,0.410247,1.077666333,0.6857142857,1.085113246,0.5416666667,1.087377157,0.5238095238,2.942816
45,1.082755669,0.8666666667,1.083123649,0.7916666667,1.082543415,0.8571428571,0.156379,1.077238194,0.6952380952,1.084824426,0.5833333333,1.087097997,0.5238095238,2.805851
46,1.082305673,0.8666666667,1.082686074,0.7916666667,1.08208194,0.9047619048,0.155933,1.07676979,0.7047619048,1.084415206,0.5833333333,1.086732233,0.4761904762,2.881582
47,1.081851323,0.8666666667,1.082244328,0.7916666667,1.081616173,0.9047619048,0.41028,1.07632468,0.7047619048,1.084158247,0.5833333333,1.086437754,0.5238095238,2.805178
48,1.081392502,0.8666666667,1.081798297,0.7916666667,1.081145996,0.9047619048,0.158799,1.075916864,0.7142857143,1.083674968,0.5833333333,1.086085883,0.4761904762,2.853341
49,1.080929093,0.8666666667,1.081347867,0.8333333333,1.08067129,0.9047619048,0.16028,1.07544545,0.7142857143,1.083323749,0.625,1.085923729,0.5238095238,2.800005
50,1.080460976,0.8666666667,1.080892924,0.8333333333,1.080191934,0.9047619048,0.404522,1.075009187,0.7333333333,1.082865829,0.625,1.085639654,0.4761904762,2.854653
51,1.079988034,0.8761904762,1.080433351,0.8333333333,1.079707808,0.9047619048,0.157126,1.074505787,0.7523809524,1.082517728,0.625,1.085381871,0.5714285714,2.819218
52,1.079510144,0.8761904762,1.079969034,0.8333333333,1.07921879,0.9047619048,0.155404,1.074147483,0.7428571429,1.082067453,0.625,1.085063979,0.5238095238,2.852105
53,1.079027185,0.8761904762,1.079499854,0.8333333333,1.078724756,0.9047619048,0.406732,1.073582337,0.7428571429,1.081666811,0.625,1.084911576,0.5238095238,2.883623
54,1.078539036,0.8761904762,1.079025693,0.875,1.078225583,0.9047619048,0.159259,1.073134403,0.7333333333,1.081136261,0.625,1.084390494,0.5238095238,3.154372
55,1.078045572,0.8857142857,1.078546431,0.875,1.077721146,0.9047619048,0.160238,1.072555399,0.7428571429,1.080868968,0.625,1.084008184,0.5238095238,2.719372
56,1.077546669,0.8857142857,1.07806195,0.875,1.077211319,0.9047619048,0.40377,1.072072797,0.7523809524,1.08029916,0.625,1.083788074,0.5238095238,2.757499
57,1.077042202,0.8857142857,1.077572128,0.875,1.076695975,0.9047619048,0.15796,1.071460001,0.7428571429,1.07998434,0.625,1.083306763,0.5238095238,2.746531
58,1.076532045,0.8857142857,1.077076841,0.875,1.076174986,0.9047619048,0.155503,1.070917912,0.7428571429,1.079725437,0.625,1.083154629,0.5238095238,2.756264
59,1.076016069,0.8857142857,1.076575968,0.875,1.075648223,0.9047619048,0.406661,1.070387531,0.7619047619,1.079345884,0.625,1.0828247,0.5238095238,2.712106
60,1.075494146,0.8857142857,1.076069384,0.875,1.075115556,0.9047619048,0.165052,1.069853546,0.7619047619,1.078707511,0.625,1.082297166,0.5238095238,2.774753
61,1.074966146,0.8857142857,1.075556964,0.875,1.074576853,0.9047619048,0.160148,1.06919318,0.7619047619,1.078560233,0.625,1.081914323,0.5238095238,2.722516
62,1.07443194,0.8952380952,1.075038581,0.875,1.074031984,0.9047619048,0.40172,1.068602912,0.7714285714,1.078368019,0.5833333333,1.081855357,0.5238095238,2.758514
63,1.073891393,0.8952380952,1.074514108,0.875,1.073480813,0.9047619048,0.158209,1.068042436,0.7714285714,1.078362297,0.5416666667,1.081498773,0.5238095238,2.744341
64,1.073344375,0.8952380952,1.073983416,0.875,1.072923206,0.9047619048,0.156443,1.067464149,0.7714285714,1.078063587,0.5416666667,1.081284583,0.4761904762,2.760464
65,1.07279075,0.8952380952,1.073446375,0.875,1.072359028,0.9047619048,0.405669,1.066677244,0.780952381,1.07762688,0.5416666667,1.081063674,0.4761904762,2.718649
66,1.072230382,0.8952380952,1.072902855,0.875,1.071788141,0.9047619048,0.160332,1.06610037,0.780952381,1.077126422,0.5833333333,1.08088863,0.4761904762,2.760493
67,1.071663136,0.8952380952,1.072352724,0.875,1.071210408,0.9047619048,0.161802,1.065381308,0.7714285714,1.076394321,0.5833333333,1.080294445,0.4761904762,2.719611
68,1.071088873,0.8952380952,1.071795849,0.875,1.070625689,0.9047619048,0.407961,1.064632386,0.7714285714,1.076339462,0.5833333333,1.079899725,0.4761904762,2.758036
69,1.070507455,0.8952380952,1.071232094,0.875,1.070033843,0.9047619048,0.161153,1.064002658,0.7904761905,1.075869647,0.5833333333,1.079696233,0.4761904762,2.723072
70,1.069918741,0.8952380952,1.070661325,0.875,1.069434728,0.9047619048,0.153436,1.063250739,0.7904761905,1.074990409,0.5833333333,1.079122843,0.4761904762,2.741827
71,1.06932259,0.8952380952,1.070083406,0.875,1.068828202,0.9047619048,0.409044,1.062509348,0.8,1.074767787,0.5833333333,1.078629206,0.5714285714,2.767979
72,1.068718859,0.8952380952,1.069498197,0.875,1.06821412,0.9047619048,0.160567,1.061841661,0.8,1.073941192,0.5833333333,1.078297206,0.5714285714,2.813209
73,1.068107404,0.8952380952,1.06890556,0.875,1.067592336,0.9047619048,0.160793,1.061103268,0.7904761905,1.073507074,0.5833333333,1.077729363,0.5714285714,2.722798
74,1.06748808,0.8952380952,1.068305355,0.875,1.066962703,0.9047619048,0.411945,1.060341365,0.8,1.072525205,0.5833333333,1.077404354,0.5714285714,2.763416
75,1.06686074,0.8952380952,1.06769744,0.875,1.066325074,0.9047619048,0.156478,1.059542666,0.7904761905,1.07239978,0.5833333333,1.076904889,0.5714285714,2.722332
76,1.066225237,0.8952380952,1.067081673,0.875,1.065679298,0.9047619048,0.15848,1.058833031,0.8,1.071470704,0.5833333333,1.076564838,0.5714285714,2.762613
77,1.065581422,0.8952380952,1.066457908,0.875,1.065025224,0.9047619048,0.404031,1.05805804,0.7904761905,1.071133421,0.5833333333,1.076094804,0.5714285714,2.716522
78,1.064929143,0.8952380952,1.065826001,0.875,1.064362702,0.9047619048,0.165959,1.057281202,0.7904761905,1.070472103,0.5833333333,1.075934871,0.5714285714,2.762134
79,1.06426825,0.8952380952,1.065185805,0.875,1.063691576,0.9047619048,0.161285,1.056506006,0.7904761905,1.070108546,0.5833333333,1.075398794,0.5714285714,2.744498
80,1.06359859,0.8952380952,1.064537173,0.875,1.063011692,0.9523809524,0.401585,1.05563056,0.8,1.069114666,0.5833333333,1.075025074,0.5714285714,2.797263
81,1.062920008,0.8952380952,1.063879955,0.875,1.062322894,0.9523809524,0.158911,1.054744123,0.8,1.068868009,0.5833333333,1.074552612,0.5714285714,2.72382
82,1.062232349,0.8952380952,1.063214,0.875,1.061625025,0.9523809524,0.154533,1.05385559,0.8095238095,1.067970225,0.5833333333,1.073941505,0.619047619,2.766383
83,1.061535455,0.8952380952,1.062539158,0.875,1.060917925,0.9523809524,0.411433,1.053045148,0.8095238095,1.067446442,0.5833333333,1.07362555,0.6666666667,2.732706
84,1.06082917,0.8952380952,1.061855275,0.875,1.060201434,0.9523809524,0.160264,1.052229043,0.8095238095,1.066731222,0.5833333333,1.07314434,0.619047619,2.756956
85,1.060113332,0.9047619048,1.061162197,0.875,1.059475391,0.9523809524,0.15569,1.051284825,0.8095238095,1.065849748,0.6666666667,1.072551804,0.619047619,2.724345
86,1.059387782,0.9047619048,1.060459768,0.875,1.058739632,0.9523809524,0.401803,1.050411168,0.8095238095,1.065058436,0.6666666667,1.072106854,0.6666666667,2.764033
87,1.058652356,0.9047619048,1.059747833,0.875,1.057993994,0.9523809524,0.164836,1.04954608,0.8095238095,1.064150504,0.6666666667,1.071170277,0.619047619,2.719686
88,1.057906893,0.9047619048,1.059026232,0.875,1.057238311,0.9523809524,0.15636,1.048802794,0.8095238095,1.063796451,0.7083333333,1.070835425,0.619047619,2.769007
89,1.057151227,0.9047619048,1.058294806,0.875,1.056472415,0.9523809524,0.407062,1.047659174,0.8095238095,1.06259694,0.7083333333,1.069818622,0.619047619,2.798746
90,1.056385191,0.9047619048,1.057553395,0.875,1.055696138,0.9523809524,0.158794,1.046873882,0.819047619,1.061931937,0.7083333333,1.069098094,0.619047619,2.764568
91,1.05560862,0.9047619048,1.056801838,0.9166666667,1.054909311,0.9523809524,0.15555,1.045984546,0.8285714286,1.06124998,0.7083333333,1.06843032,0.5714285714,2.718981
92,1.054821343,0.9047619048,1.05603997,0.9166666667,1.054111763,0.9523809524,0.406431,1.04514142,0.8285714286,1.06030945,0.7083333333,1.067741821,0.619047619,2.761949
93,1.054023192,0.9047619048,1.055267628,0.9166666667,1.053303321,0.9523809524,0.162261,1.044226815,0.8285714286,1.059729809,0.7083333333,1.066809738,0.619047619,2.82899
94,1.053213995,0.9047619048,1.054484647,0.9166666667,1.052483812,0.9523809524,0.162029,1.043067176,0.8285714286,1.05887965,0.7083333333,1.065891841,0.619047619,2.760603
95,1.05239358,0.9047619048,1.053690859,0.9166666667,1.05165306,0.9523809524,0.404952,1.042274067,0.8285714286,1.058049069,0.7083333333,1.065463323,0.619047619,2.727401
96,1.051561774,0.9047619048,1.052886097,0.875,1.05081089,0.9523809524,0.158021,1.04113222,0.819047619,1.05777932,0.7083333333,1.064222644,0.619047619,2.761219
97,1.050718401,0.9142857143,1.052070192,0.875,1.049957123,0.9523809524,0.153692,1.040341839,0.819047619,1.056494567,0.75,1.064030935,0.619047619,2.749891
98,1.049863285,0.9142857143,1.051242974,0.875,1.049091582,0.9523809524,0.411754,1.039165322,0.819047619,1.055690865,0.7083333333,1.062658238,0.619047619,2.770183
99,1.048996251,0.9142857143,1.05040427,0.875,1.048214085,0.9523809524,0.159541,1.038292002,0.819047619,1.054797129,0.7083333333,1.062140223,0.619047619,2.729371
100,1.048117119,0.9142857143,1.04955391,0.875,1.047324453,0.9523809524,0.15724,1.037422096,0.8,1.053865346,0.75,1.061415146,0.619047619,2.794783
101,1.047225709,0.9142857143,1.048691718,0.875,1.046422502,0.9523809524,0.414799,1.036549841,0.8,1.052359487,0.7083333333,1.060636,0.619047619,2.731007
102,1.046321843,0.9142857143,1.047817521,0.875,1.045508048,0.9523809524,0.158595,1.035594536,0.8,1.051714897,0.7083333333,1.059935346,0.619047619,2.771
103,1.045405337,0.9142857143,1.046931143,0.875,1.044580908,0.9523809524,0.15811,1.034706088,0.8095238095,1.050510657,0.7083333333,1.059102811,0.619047619,2.746523
104,1.04447601,0.9142857143,1.046032407,0.875,1.043640894,0.9523809524,0.400323,1.033647364,0.8095238095,1.049772686,0.75,1.058617724,0.6666666667,2.759395
105,1.043533677,0.9142857143,1.045121136,0.875,1.042687821,0.9523809524,0.162267,1.032578616,0.8095238095,1.048236822,0.7083333333,1.057552861,0.6666666667,2.72722
106,1.042578155,0.9142857143,1.044197151,0.875,1.041721499,0.9523809524,0.155511,1.031715607,0.8095238095,1.047888334,0.75,1.056941876,0.619047619,2.766768
107,1.041609258,0.9142857143,1.043260272,0.875,1.04074174,0.9523809524,0.408967,1.030487338,0.8095238095,1.04687861,0.75,1.056087014,0.619047619,2.737957
108,1.040626799,0.9142857143,1.042310319,0.875,1.039748354,0.9523809524,0.155188,1.029344004,0.8095238095,1.045737334,0.75,1.055045937,0.619047619,2.771263
109,1.039630592,0.9142857143,1.04134711,0.875,1.038741149,0.9523809524,0.157039,1.028287356,0.8095238095,1.045372892,0.7083333333,1.054502403,0.619047619,2.729657
110,1.038620447,0.9142857143,1.040370464,0.875,1.037719933,0.9523809524,0.406996,1.027025536,0.8,1.043837897,0.75,1.053143786,0.619047619,2.762804
111,1.037596177,0.9142857143,1.039380198,0.875,1.036684514,0.9523809524,0.168637,1.026116158,0.7904761905,1.043354347,0.7083333333,1.052549079,0.5714285714,2.725864
112,1.036557591,0.9238095238,1.038376128,0.875,1.035634698,0.9523809524,0.161174,1.025070521,0.7904761905,1.041767547,0.7083333333,1.051910564,0.619047619,2.772897
113,1.0355045,0.9238095238,1.03735807,0.875,1.034570289,0.9523809524,0.411825,1.023871639,0.8,1.040780178,0.7083333333,1.051608527,0.619047619,2.756032
114,1.034436712,0.9238095238,1.036325839,0.875,1.033491094,0.9523809524,0.16666,1.022662625,0.780952381,1.039698596,0.7083333333,1.050423351,0.5714285714,2.768395
115,1.033354036,0.9238095238,1.035279249,0.875,1.032396915,0.9523809524,0.159232,1.021606846,0.8,1.038136733,0.7083333333,1.05027168,0.5714285714,2.743164
116,1.03225628,0.9238095238,1.034218115,0.875,1.031287556,0.9523809524,0.400094,1.020219035,0.7904761905,1.03668927,0.7083333333,1.049226555,0.619047619,2.767804
117,1.031143252,0.9238095238,1.033142251,0.875,1.03016282,0.9523809524,0.161954,1.019475117,0.8,1.03664485,0.7083333333,1.048678696,0.5714285714,2.735729
118,1.030014759,0.9238095238,1.032051469,0.9166666667,1.029022508,0.9523809524,0.159253,1.018010904,0.8,1.034317238,0.7083333333,1.048484374,0.5714285714,2.762625
119,1.028870608,0.9238095238,1.030945582,0.9166666667,1.027866424,0.9523809524,0.40152,1.017135331,0.819047619,1.034517627,0.7083333333,1.047284129,0.5714285714,2.743941
120,1.027710605,0.9238095238,1.029824404,0.9166666667,1.026694367,0.9523809524,0.165567,1.015532679,0.8095238095,1.031989722,0.75,1.047648448,0.5714285714,2.765155
121,1.026534556,0.9238095238,1.028687746,0.9166666667,1.025506139,0.9523809524,0.156645,1.01448394,0.8095238095,1.032306699,0.6666666667,1.046637929,0.5714285714,2.735253
122,1.025342269,0.9238095238,1.02753542,0.9166666667,1.02430154,0.9523809524,0.407406,1.012938999,0.819047619,1.029787916,0.75,1.045822543,0.5714285714,2.772642
123,1.024133549,0.9238095238,1.02636724,0.9166666667,1.023080371,0.9523809524,0.15894,1.011733444,0.819047619,1.029600074,0.7083333333,1.045662308,0.5714285714,2.74812
124,1.022908203,0.9238095238,1.025183017,0.9166666667,1.021842433,0.9523809524,0.160425,1.009996088,0.819047619,1.027841723,0.75,1.044507989,0.5714285714,2.755654
125,1.021666037,0.9238095238,1.023982563,0.9166666667,1.020587525,0.9523809524,0.40257,1.00879273,0.819047619,1.027453364,0.7083333333,1.044173983,0.5714285714,2.729506
126,1.020406857,0.9333333333,1.022765692,0.9166666667,1.019315448,0.9523809524,0.159667,1.007338696,0.819047619,1.025412605,0.7083333333,1.042967859,0.5714285714,2.76592
127,1.019130471,0.9333333333,1.021532216,0.9166666667,1.018026002,0.9523809524,0.15641,1.006185671,0.8095238095,1.025337105,0.7083333333,1.041342754,0.5714285714,2.739023
128,1.017836687,0.9428571429,1.020281949,0.9166666667,1.016718988,0.9523809524,0.417219,1.005133021,0.8095238095,1.023093798,0.6666666667,1.040324398,0.619047619,2.764934
129,1.016525311,0.9428571429,1.019014703,0.9166666667,1.015394207,0.9523809524,0.157607,1.004528101,0.8095238095,1.024888993,0.6666666667,1.038887313,0.5714285714,2.828027
130,1.015196153,0.9428571429,1.017730294,0.9166666667,1.014051461,0.9523809524,0.159808,1.002036546,0.7904761905,1.021038469,0.75,1.036890892,0.5714285714,2.793404
131,1.013849021,0.9428571429,1.016428535,0.9166666667,1.012690551,0.9523809524,0.401982,1.001300848,0.8,1.022828169,0.6666666667,1.037147604,0.5714285714,2.738909
132,1.012483726,0.9428571429,1.015109244,0.9166666667,1.011311279,0.9523809524,0.163468,0.9995629625,0.780952381,1.018845569,0.7083333333,1.033886391,0.5238095238,2.754943
133,1.011100079,0.9428571429,1.013772236,0.9166666667,1.009913449,0.9523809524,0.156103,0.9976892302,0.780952381,1.019156654,0.7083333333,1.032929772,0.5714285714,2.735983
134,1.009697891,0.9428571429,1.012417329,0.9166666667,1.008496865,0.9523809524,0.406088,0.9955828405,0.8,1.016193198,0.7083333333,1.030981337,0.619047619,2.763421
135,1.008276975,0.9428571429,1.011044342,0.9166666667,1.007061331,0.9523809524,0.158352,0.9939697466,0.7904761905,1.014964134,0.7083333333,1.028358296,0.5238095238,2.744431
136,1.006837146,0.9428571429,1.009653094,0.9166666667,1.005606654,0.9523809524,0.158222,0.9922886299,0.8095238095,1.012294462,0.75,1.029032857,0.619047619,2.766483
137,1.00537822,0.9428571429,1.008243406,0.9166666667,1.00413264,0.9523809524,0.407211,0.9917506067,0.8,1.015083377,0.75,1.026313959,0.5238095238,2.783033
138,1.003900014,0.9428571429,1.006815102,0.9166666667,1.002639099,0.9523809524,0.157871,0.9898721417,0.8,1.00825062,0.7916666667,1.02666326,0.619047619,2.758503
139,1.002402346,0.9428571429,1.005368004,0.9166666667,1.001125838,0.9523809524,0.160979,0.9868245462,0.819047619,1.010956431,0.7083333333,1.023376051,0.5714285714,2.742643
140,1.000885037,0.9428571429,1.00390194,0.9166666667,0.9995926709,0.9523809524,0.402854,0.985350611,0.8095238095,1.003903921,0.7916666667,1.021339596,0.619047619,2.763907
141,0.9993479111,0.9428571429,1.002416737,0.9166666667,0.9980394093,0.9523809524,0.165492,0.9845324269,0.8095238095,1.010603645,0.75,1.022725438,0.5714285714,2.74146
142,0.9977907914,0.9428571429,1.000912224,0.9166666667,0.9964658682,0.9523809524,0.159522,0.9817451195,0.8,1.002032902,0.7916666667,1.017950406,0.619047619,2.763666
143,0.9962135052,0.9428571429,0.9993882342,0.9166666667,0.9948718642,0.9523809524,0.402008,0.9816809966,0.8,1.005393561,0.75,1.022453651,0.5714285714,2.81141
144,0.9946158818,0.9428571429,0.9978446003,0.9166666667,0.9932572162,0.9523809524,0.167536,0.9781554668,0.7904761905,0.998443857,0.7916666667,1.014337211,0.6666666667,2.778593
145,0.992997753,0.9428571429,0.9962811595,0.9166666667,0.991621745,0.9523809524,0.15627,0.9778885139,0.819047619,1.002329433,0.7916666667,1.019148929,0.619047619,2.757908
146,0.9913589531,0.9428571429,0.9946977506,0.9166666667,0.9899652741,0.9523809524,0.405997,0.9730564698,0.7904761905,0.9952333775,0.7916666667,1.012392518,0.6666666667,2.76572
147,0.9896993195,0.9428571429,0.9930942154,0.9166666667,0.9882876294,0.9523809524,0.159127,0.9735183551,0.8095238095,0.9972016383,0.75,1.015633632,0.619047619,2.742398
148,0.9880186922,0.9428571429,0.9914703987,0.9166666667,0.9865886393,0.9523809524,0.171664,0.970207201,0.8380952381,0.9936479718,0.7916666667,1.007873201,0.7142857143,2.791889
149,0.9863169148,0.9428571429,0.9898261479,0.9166666667,0.9848681354,0.9523809524,0.404774,0.9740037107,0.780952381,0.9984594247,0.75,1.017328312,0.619047619,2.741439
150,0.9845938339,0.9428571429,0.9881613141,0.9166666667,0.9831259521,0.9523809524,0.158005,0.969508515,0.819047619,0.9898063649,0.7916666667,1.007419258,0.7142857143,2.77397
151,0.9828492997,0.9428571429,0.9864757513,0.9166666667,0.981361927,0.9523809524,0.15407,0.9752409886,0.780952381,1.004001251,0.75,1.018106945,0.619047619,2.791454
152,0.981083166,0.9428571429,0.9847693173,0.9166666667,0.979575901,0.9523809524,0.403665,0.9619311373,0.8285714286,0.9830587317,0.7916666667,1.003966479,0.7142857143,2.810177
153,0.9792952905,0.9428571429,0.9830418736,0.9166666667,0.9777677188,0.9523809524,0.157045,0.9595895873,0.8571428571,0.9867651027,0.7916666667,1.005387663,0.6666666667,2.743761
154,0.977485535,0.9523809524,0.9812932853,0.9166666667,0.9759372283,0.9523809524,0.154542,0.9564952659,0.8666666667,0.9796332985,0.875,0.9989576033,0.7142857143,2.766931
155,0.9756537653,0.9523809524,0.9795234219,0.9583333333,0.9740842818,0.9523809524,0.406056,0.9611818039,0.8,0.9901625565,0.7916666667,1.00982579,0.619047619,2.758669
156,0.9737998517,0.9523809524,0.9777321569,0.9583333333,0.9722087353,0.9523809524,0.159619,0.9569247364,0.8761904762,0.9782979076,0.875,0.997640023,0.7619047619,2.769422
157,0.971923669,0.9523809524,0.9759193683,0.9583333333,0.9703104492,0.9523809524,0.162032,0.9638853526,0.8,0.997726305,0.75,1.011685623,0.6666666667,2.749263
158,0.970025097,0.9523809524,0.9740849385,0.9583333333,0.9683892882,0.9523809524,0.407228,0.9507812038,0.8666666667,0.9713041333,0.7916666667,0.9934683098,0.8095238095,2.767309
159,0.9681040201,0.9523809524,0.972228755,0.9583333333,0.9664451217,0.9523809524,0.159228,0.9537579868,0.8380952381,0.9848848145,0.75,1.001155714,0.6666666667,2.743326
160,0.9661603281,0.9523809524,0.97035071,0.9583333333,0.9644778239,0.9523809524,0.159508,0.9525658898,0.8476190476,0.9745558869,0.7916666667,0.9924568723,0.7142857143,2.771196
161,0.9641939161,0.9523809524,0.968450701,0.9583333333,0.9624872741,0.9523809524,0.402563,0.9607941698,0.8285714286,0.9889182282,0.7083333333,1.012302999,0.6666666667,2.742713
162,0.9622046845,0.9523809524,0.9665286306,0.9583333333,0.9604733565,0.9523809524,0.157332,0.9541041428,0.8857142857,0.9762047832,0.8333333333,0.992745254,0.7619047619,2.766921
163,0.9601925397,0.9523809524,0.9645844072,0.9583333333,0.9584359608,0.9523809524,0.154841,0.9523965637,0.819047619,0.9823231928,0.75,0.9995008121,0.7142857143,2.744333
164,0.958157394,0.9428571429,0.9626179447,0.9583333333,0.9563749825,0.9523809524,0.4099,0.9513842088,0.8571428571,0.9748458304,0.75,0.9917651042,0.8095238095,2.771203
165,0.9560991657,0.9428571429,0.9606291632,0.9583333333,0.9542903226,0.9523809524,0.158933,0.9418536169,0.8666666667,0.9737032486,0.8333333333,0.9909570194,0.7142857143,2.81888
166,0.9540177794,0.9428571429,0.9586179885,0.9583333333,0.9521818881,0.9523809524,0.155629,0.9394132303,0.9047619048,0.959471363,0.875,0.987330256,0.8095238095,2.836596
167,0.9519131664,0.9428571429,0.956584353,0.9583333333,0.9500495924,0.9523809524,0.401648,0.9523113005,0.8666666667,0.9857669424,0.75,0.9921566897,0.6666666667,2.766644
168,0.9497852646,0.9428571429,0.9545281954,0.9583333333,0.9478933549,0.9523809524,0.166123,0.9524998107,0.780952381,0.9751085135,0.6666666667,0.9889775716,0.7142857143,2.772245
169,0.9476340188,0.9428571429,0.9524494612,0.9583333333,0.9457131018,0.9523809524,0.156731,0.9511353935,0.8476190476,0.9770514978,0.75,0.9864138977,0.7142857143,2.75126
170,0.945459381,0.9428571429,0.9503481028,0.9583333333,0.9435087661,0.9523809524,0.403467,0.9597935368,0.819047619,0.9749789337,0.8333333333,0.9895495911,0.619047619,2.774454
171,0.9432613103,0.9428571429,0.9482240795,0.9583333333,0.9412802877,0.9523809524,0.168629,0.9859923595,0.7333333333,1.020722009,0.5416666667,1.015941142,0.7142857143,2.749136
172,0.9410397737,0.9428571429,0.9460773579,0.9583333333,0.9390276136,0.9523809524,0.16378,0.9442365659,0.819047619,0.9690814934,0.7916666667,0.9888851723,0.7619047619,2.767858
173,0.9387947454,0.9428571429,0.9439079121,0.9583333333,0.9367506982,0.9523809524,0.408743,0.9655834006,0.780952381,0.9998599625,0.5833333333,1.014054626,0.6666666667,2.782392
174,0.9365262078,0.9428571429,0.9417157238,0.9583333333,0.9344495035,0.9523809524,0.157295,0.9540948621,0.8285714286,0.9820238117,0.7083333333,0.9827687094,0.8571428571,2.770936
175,0.9342341514,0.9428571429,0.9395007825,0.9583333333,0.9321239992,0.9523809524,0.154428,0.939612515,0.8761904762,0.9751083521,0.7916666667,0.9670030029,0.7619047619,2.750918
176,0.9319185749,0.9523809524,0.9372630855,0.9583333333,0.9297741628,0.9523809524,0.405895,0.9278530718,0.9238095238,0.9561211626,0.8333333333,0.9669436225,0.7619047619,2.764035
177,0.9295794853,0.9523809524,0.9350026386,0.9583333333,0.9273999802,0.9523809524,0.160278,1.037009133,0.5904761905,1.068382211,0.3333333333,1.048083678,0.4761904762,2.745595
178,0.9272168983,0.9523809524,0.9327194556,0.9583333333,0.9250014454,0.9523809524,0.155078,0.9895119145,0.7238095238,1.005198201,0.5833333333,1.025277117,0.5238095238,2.857149
179,0.9248308386,0.9523809524,0.9304135589,0.9583333333,0.922578561,0.9523809524,0.405638,1.000733994,0.7523809524,1.03731184,0.6666666667,1.037465348,0.5714285714,3.081134
180,0.9224213396,0.9523809524,0.9280849798,0.9583333333,0.9201313381,0.9523809524,0.161316,0.9944158731,0.7428571429,1.010911634,0.625,1.042787985,0.619047619,3.044785
181,0.9199884439,0.9523809524,0.925733758,0.9583333333,0.9176597968,0.9523809524,0.160037,0.9949505553,0.7523809524,1.023415391,0.5833333333,1.047289802,0.5238095238,3.110468
182,0.9175322035,0.9523809524,0.9233599426,0.9583333333,0.9151639661,0.9523809524,0.406103,0.9831761222,0.8666666667,1.004998479,0.7083333333,1.053628427,0.4285714286,2.948989
183,0.9150526797,0.9523809524,0.9209635914,0.9583333333,0.9126438843,0.9523809524,0.166264,0.9847053457,0.6952380952,1.00737603,0.7083333333,1.023286214,0.619047619,2.908791
184,0.9125499435,0.9523809524,0.9185447718,0.9583333333,0.9100995989,0.9523809524,0.158804,0.9725417205,0.7904761905,0.9998391532,0.75,1.032337006,0.619047619,2.887096
185,0.9100240756,0.9523809524,0.9161035606,0.9583333333,0.9075311669,0.9523809524,0.402073,1.044271907,0.5428571429,1.074003995,0.4166666667,1.120100868,0.2857142857,2.877571
186,0.9074751665,0.9523809524,0.9136400438,0.9583333333,0.904938655,0.9523809524,0.161461,0.9766396109,0.780952381,0.9971775559,0.6666666667,1.02690756,0.5714285714,2.887903
187,0.9049033168,0.9523809524,0.9111543175,0.9583333333,0.9023221397,0.9523809524,0.158349,0.9782529522,0.7047619048,1.011591853,0.7083333333,1.028100841,0.619047619,2.966717
188,0.9023086371,0.9523809524,0.9086464872,0.9583333333,0.8996817072,0.9523809524,0.401731,0.974137723,0.8285714286,0.9973470993,0.7083333333,1.059543602,0.5238095238,2.917807
189,0.8996912484,0.9523809524,0.9061166686,0.9583333333,0.8970174539,0.9523809524,0.165184,0.9921039221,0.8095238095,1.020833754,0.7083333333,1.027449262,0.7142857143,3.114388
190,0.8970512819,0.9523809524,0.9035649871,0.9583333333,0.8943294863,0.9523809524,0.159063,0.9750307297,0.6761904762,0.9991615552,0.7083333333,1.022643604,0.5238095238,2.929596
191,0.8943888792,0.9523809524,0.9009915782,0.9583333333,0.8916179212,0.9523809524,0.401931,1.000750729,0.7142857143,1.026616526,0.6666666667,1.052555844,0.380952381,2.762443
192,0.8917041924,0.9523809524,0.8983965879,0.9583333333,0.8888828857,0.9523809524,0.164551,0.9686692325,0.6952380952,0.9828080352,0.625,1.010692298,0.4285714286,2.77836
193,0.8889973842,0.9523809524,0.8957801719,0.9583333333,0.8861245172,0.9523809524,0.161874,0.9698952757,0.7523809524,0.9970022528,0.7083333333,1.011864205,0.6666666667,2.747387
194,0.886268628,0.9523809524,0.8931424964,0.9583333333,0.8833429639,0.9523809524,0.411506,0.9693874698,0.780952381,0.978567544,0.8333333333,1.035794736,0.5714285714,2.778292
195,0.8835181079,0.9523809524,0.8904837381,0.9583333333,0.8805383845,0.9523809524,0.159492,0.9701832337,0.7428571429,1.001840658,0.6666666667,1.007129017,0.619047619,2.748216
196,0.8807460184,0.9523809524,0.8878040838,0.9583333333,0.8777109482,0.9523809524,0.159515,0.9762982546,0.6952380952,0.9927603686,0.625,1.032763252,0.4761904762,2.771111
197,0.8779525652,0.9523809524,0.8851037308,0.9583333333,0.8748608351,0.9523809524,0.406522,0.9820079195,0.7238095238,1.004311207,0.6666666667,1.009665965,0.5238095238,2.752066
198,0.8751379645,0.9523809524,0.8823828867,0.9583333333,0.8719882359,0.9523809524,0.157704,1.022703404,0.6380952381,1.04009071,0.6666666667,1.070212443,0.4285714286,2.79198
199,0.8723024432,0.9523809524,0.8796417696,0.9583333333,0.8690933522,0.9523809524,0.15761,0.9656954044,0.7333333333,0.9894073187,0.7916666667,1.006158801,0.5238095238,2.749231
200,0.8694462393,0.9523809524,0.876880608,0.9583333333,0.8661763963,0.9523809524,0.407857,0.9533134413,0.7333333333,0.9818129348,0.6666666667,1.000517018,0.619047619,2.766435
201,0.8665696012,0.9523809524,0.8740996406,0.9583333333,0.8632375912,0.9523809524,0.161057,0.9522054663,0.7333333333,0.9816256009,0.7083333333,0.9874764264,0.6666666667,2.759839
202,0.8636727881,0.9523809524,0.8712991167,0.9583333333,0.860277171,0.9523809524,0.155598,0.939195532,0.7904761905,0.9624943155,0.75,0.9966040762,0.7142857143,2.769845
203,0.8607560698,0.9523809524,0.8684792957,0.9583333333,0.85729538,0.9523809524,0.407197,0.9662581212,0.8,1.004074873,0.5833333333,1.017897272,0.5714285714,2.747849
204,0.8578197268,0.9523809524,0.8656404471,0.9583333333,0.8542924738,0.9523809524,0.160915,0.935754416,0.780952381,0.9613794428,0.7916666667,0.9872782477,0.6666666667,2.764278
205,0.85486405,0.9523809524,0.8627828508,0.9583333333,0.8512687183,0.9523809524,0.16227,0.9377035344,0.7714285714,0.9723368227,0.7083333333,0.9818999256,0.6666666667,2.742305
206,0.8518893408,0.9523809524,0.8599067965,0.9583333333,0.8482243901,0.9523809524,0.407994,0.9415351443,0.7904761905,0.9664792413,0.7916666667,0.9980818056,0.5714285714,2.76271
207,0.8488959108,0.9523809524,0.857012584,0.9583333333,0.8451597763,0.9523809524,0.154762,0.9379602799,0.7904761905,0.9678518798,0.75,0.9856379894,0.7142857143,2.747716
208,0.8458840818,0.9523809524,0.854100523,0.9583333333,0.8420751744,0.9523809524,0.156474,0.9423764129,0.8,0.9713812123,0.7916666667,0.9708059534,0.7142857143,2.77078
209,0.8428541857,0.9523809524,0.8511709325,0.9583333333,0.8389708924,0.9523809524,0.412982,0.9368199508,0.8095238095,0.9695775284,0.75,0.9764588146,0.7142857143,2.76953
210,0.8398065641,0.9523809524,0.8482241415,0.9583333333,0.8358472482,0.9523809524,0.164589,0.9280547364,0.7904761905,0.9587616431,0.7916666667,0.9934166953,0.6666666667,2.764493
211,0.8367415686,0.9523809524,0.845260488,0.9583333333,0.83270457,0.9523809524,0.159797,0.9309091651,0.780952381,0.9555170968,0.75,0.9757390472,0.619047619,2.736809
212,0.8336595602,0.9523809524,0.8422803194,0.9583333333,0.8295431959,0.9523809524,0.407736,0.9213327791,0.7904761905,0.9518040609,0.7916666667,0.9935344802,0.619047619,2.771768
213,0.8305609091,0.9523809524,0.839283992,0.9583333333,0.8263634737,0.9523809524,0.198713,0.91121599,0.8476190476,0.9502805961,0.8333333333,0.9548733064,0.7619047619,2.752094
214,0.8274459949,0.9523809524,0.8362718711,0.9583333333,0.8231657607,0.9523809524,0.185556,0.9620528744,0.7333333333,0.9942844027,0.625,1.04293105,0.619047619,2.769805
215,0.824315206,0.9523809524,0.8332443302,0.9583333333,0.8199504237,0.9523809524,0.44271,0.9724485239,0.8380952381,1.009285019,0.75,1.033794896,0.5714285714,2.75685
216,0.8211689393,0.9523809524,0.8302017515,0.9583333333,0.8167178387,0.9523809524,0.171459,0.899896339,0.9047619048,0.9344479495,0.875,0.9604623518,0.7142857143,2.767755
217,0.8180076003,0.9523809524,0.8271445251,0.9583333333,0.8134683905,0.9523809524,0.166937,0.9390937918,0.8285714286,0.9776391891,0.8333333333,0.9928756369,0.619047619,2.746635
218,0.8148316026,0.9523809524,0.824073049,0.9583333333,0.8102024728,0.9523809524,0.414292,0.8975245686,0.8857142857,0.9444342084,0.75,0.9643698715,0.8095238095,2.756513
219,0.8116413676,0.9619047619,0.8209877287,0.9583333333,0.8069204877,0.9523809524,0.16002,0.8960597197,0.8761904762,0.9308918377,0.8333333333,0.9383040444,0.8571428571,2.751887
220,0.8084373245,0.9619047619,0.8178889771,0.9583333333,0.8036228455,0.9523809524,0.163729,0.8779651519,0.9142857143,0.9226724477,0.8333333333,0.9276802097,0.8095238095,2.763693
221,0.8052199093,0.9619047619,0.814777214,0.9583333333,0.8003099645,0.9523809524,0.415424,0.8791821052,0.8952380952,0.9266500211,0.8333333333,0.9208164716,0.8095238095,2.753164
222,0.8019895654,0.9619047619,0.8116528658,0.9583333333,0.7969822706,0.9523809524,0.154792,0.900341573,0.8952380952,0.9404520093,0.7916666667,0.9772921332,0.6666666667,2.763293
223,0.7987467426,0.9619047619,0.8085163653,0.9583333333,0.793640197,0.9523809524,0.161789,0.894638049,0.8571428571,0.9482114779,0.75,0.9349381989,0.7619047619,2.788935
224,0.795491897,0.9619047619,0.8053681513,0.9583333333,0.7902841842,0.9523809524,0.405943,0.8725085634,0.8571428571,0.915424677,0.7916666667,0.9263174207,0.7619047619,2.758899
225,0.7922254905,0.9619047619,0.8022086683,0.9583333333,0.7869146791,0.9523809524,0.178284,0.8689604515,0.8571428571,0.9091662452,0.8333333333,0.9191270984,0.7619047619,2.754021
226,0.7889479907,0.9619047619,0.7990383661,0.9583333333,0.7835321352,0.9523809524,0.159116,0.8588907309,0.8476190476,0.8985484481,0.8333333333,0.9295087181,0.8095238095,2.765562
227,0.7856598704,0.9619047619,0.7958576994,0.9583333333,0.7801370122,0.9523809524,0.409353,0.8679598614,0.8666666667,0.9091087141,0.8333333333,0.9233805073,0.7619047619,2.755016
228,0.7823616071,0.9619047619,0.7926671275,0.9583333333,0.776729775,0.9523809524,0.187189,0.8729628391,0.8380952381,0.9158483945,0.75,0.9487725807,0.7142857143,2.792586
229,0.7790536826,0.9619047619,0.7894671141,0.9583333333,0.7733108944,0.9523809524,0.162081,0.8596449187,0.8666666667,0.8845820574,0.75,0.9200382963,0.7619047619,2.753446
230,0.775736583,0.9619047619,0.7862581263,0.9583333333,0.7698808459,0.9523809524,0.422733,0.8568436184,0.8761904762,0.9058732625,0.875,0.9172660942,0.7142857143,2.785827
231,0.7724107978,0.9619047619,0.783040635,0.9583333333,0.7664401097,0.9523809524,0.164706,0.8689612362,0.8285714286,0.9110919928,0.7916666667,0.9315480177,0.7619047619,2.753646
232,0.7690768196,0.9619047619,0.779815114,0.9583333333,0.76298917,0.9523809524,0.17281,0.860270858,0.8476190476,0.9099541204,0.75,0.9298025746,0.7142857143,2.767321
233,0.7657351441,0.9619047619,0.7765820396,0.9583333333,0.759528515,0.9523809524,0.429428,0.8586196714,0.8857142857,0.9095367782,0.7916666667,0.9292558169,0.7619047619,2.752583
234,0.762386269,0.9619047619,0.7733418906,0.9583333333,0.7560586365,0.9523809524,0.165489,0.8908957182,0.8857142857,0.9171415925,0.8333333333,0.9444264595,0.8095238095,2.767667
235,0.7590306942,0.9619047619,0.7700951473,0.9583333333,0.7525800289,0.9523809524,0.164541,0.8592475595,0.8857142857,0.903856353,0.7916666667,0.928902753,0.7619047619,2.760992
236,0.7556689209,0.9619047619,0.7668422916,0.9583333333,0.7490931897,0.9523809524,0.40822,0.8574855324,0.8666666667,0.9156140873,0.8333333333,0.9241500769,0.6666666667,2.771848
237,0.7523014516,0.9619047619,0.7635838063,0.9583333333,0.7455986184,0.9523809524,0.161699,0.8385629616,0.8857142857,0.8905647433,0.8333333333,0.9158162951,0.8095238095,2.758516
238,0.7489287893,0.9619047619,0.7603201749,0.9583333333,0.7420968161,0.9523809524,0.155865,0.8392357011,0.9142857143,0.8930344415,0.7916666667,0.9092401043,0.8571428571,2.760748
239,0.7455514372,0.9619047619,0.7570518808,0.9583333333,0.7385882857,0.9523809524,0.408235,0.816727179,0.9142857143,0.8696330482,0.8333333333,0.8929454781,0.8095238095,2.749329
240,0.7421698984,0.9619047619,0.7537794074,0.9583333333,0.7350735309,0.9523809524,0.17852,0.8385623707,0.8761904762,0.8838965862,0.875,0.9053096857,0.6666666667,2.758158
241,0.7387846753,0.9619047619,0.7505032373,0.9583333333,0.731553056,0.9523809524,0.175417,0.8276452317,0.8857142857,0.8839054025,0.8333333333,0.9027307869,0.6666666667,2.754689
242,0.7353962693,0.9619047619,0.747223852,0.9583333333,0.7280273654,0.9523809524,0.422538,0.8153129456,0.9238095238,0.8659853687,0.875,0.8759724547,0.7619047619,2.760379
243,0.7320051803,0.9619047619,0.7439417317,0.9583333333,0.7244969633,0.9523809524,0.170092,0.8543224937,0.8571428571,0.8911566901,0.9166666667,0.9146139255,0.8095238095,2.753389
244,0.7286119064,0.9619047619,0.7406573544,0.9583333333,0.7209623534,0.9523809524,0.158019,0.8340030265,0.8761904762,0.8885059979,0.8333333333,0.907062662,0.7619047619,2.765073
245,0.7252169431,0.9619047619,0.7373711961,0.9583333333,0.7174240382,0.9523809524,0.422137,0.8150750224,0.8952380952,0.8622408891,0.8333333333,0.8931474727,0.7142857143,2.753306
246,0.7218207836,0.9619047619,0.7340837301,0.9583333333,0.7138825188,0.9523809524,0.160553,0.8056711463,0.9428571429,0.8537341604,0.9166666667,0.8772418247,0.8571428571,2.803385
247,0.7184239178,0.9619047619,0.7307954265,0.9583333333,0.7103382945,0.9523809524,0.161679,0.8773391615,0.8380952381,0.9094173151,0.8333333333,0.9873054771,0.619047619,2.790936
248,0.715026832,0.9619047619,0.727506752,0.9583333333,0.7067918623,0.9523809524,0.459824,0.8174370279,0.8857142857,0.8814763076,0.8333333333,0.8821318697,0.7619047619,2.807017
249,0.7116300088,0.9619047619,0.7242181698,0.9583333333,0.7032437166,0.9523809524,0.194824,0.8109932421,0.8857142857,0.8418605339,0.875,0.8918601018,0.7142857143,2.779039
250,0.7082339265,0.9619047619,0.7209301385,0.9583333333,0.699694349,0.9523809524,0.162422,0.805485004,0.8857142857,0.8500456317,0.875,0.8896661809,0.7142857143,2.802907
251,0.7048390589,0.9619047619,0.7176431125,0.9583333333,0.6961442474,0.9523809524,0.40996,0.8006536107,0.9142857143,0.8280356378,0.9583333333,0.8741336615,0.7619047619,2.788707
252,0.7014458745,0.9619047619,0.7143575413,0.9583333333,0.6925938965,0.9523809524,0.159846,0.9557058202,0.7142857143,1.018316455,0.5833333333,1.022194315,0.4761904762,2.777564
253,0.698054837,0.9619047619,0.7110738691,0.9583333333,0.6890437765,0.9523809524,0.158749,0.832411952,0.8285714286,0.8925168402,0.75,0.9219847236,0.619047619,2.770917
254,0.6946664039,0.9619047619,0.707792535,0.9583333333,0.6854943634,0.9523809524,0.425657,0.8191665451,0.9047619048,0.873008355,0.7916666667,0.9049664826,0.619047619,2.778537
255,0.6912810273,0.9619047619,0.7045139717,0.9583333333,0.6819461286,0.9523809524,0.188602,0.8038292655,0.8952380952,0.8466016658,0.7916666667,0.8927357275,0.7142857143,2.761804
256,0.6878991527,0.9619047619,0.7012386064,0.9583333333,0.6783995382,0.9523809524,0.180945,0.7973702733,0.9047619048,0.8396301108,0.8333333333,0.8795430558,0.7142857143,2.76811
257,0.684521219,0.9619047619,0.6979668597,0.9583333333,0.6748550533,0.9523809524,0.457891,0.8242323186,0.8571428571,0.8762926765,0.75,0.8964810931,0.619047619,2.756712
258,0.6811476586,0.9619047619,0.6946991455,0.9583333333,0.671313129,0.9523809524,0.181845,0.7997784606,0.9238095238,0.8610242025,0.875,0.8765758596,0.8095238095,2.77703
259,0.6777788965,0.9619047619,0.6914358709,0.9583333333,0.6677742149,0.9523809524,0.168986,0.7750319436,0.9142857143,0.8220838294,0.9166666667,0.8520950129,0.8095238095,2.756815
260,0.6744153506,0.9619047619,0.688177436,0.9583333333,0.664238754,0.9523809524,0.425179,0.772973515,0.8761904762,0.8244063567,0.7916666667,0.8570740191,0.7142857143,2.769936
261,0.6710574308,0.9619047619,0.6849242333,0.9583333333,0.6607071832,0.9523809524,0.163268,0.7610993315,0.8952380952,0.8052244313,0.8333333333,0.8531441701,0.8095238095,2.751646
262,0.6677055398,0.9619047619,0.6816766479,0.9583333333,0.6571799325,0.9523809524,0.159092,0.8860101678,0.8476190476,0.9874076627,0.7083333333,0.970828814,0.5714285714,2.765563
263,0.6643600718,0.9619047619,0.6784350573,0.9583333333,0.6536574252,0.9523809524,0.408625,0.7709233258,0.9047619048,0.8157956491,0.875,0.8700130742,0.7619047619,2.769934
264,0.6610214129,0.9619047619,0.6751998308,0.9583333333,0.6501400774,0.9523809524,0.168169,0.7738743309,0.9333333333,0.8233327278,0.9166666667,0.8591758803,0.7619047619,2.765293
265,0.657689941,0.9619047619,0.6719713297,0.9583333333,0.6466282977,0.9523809524,0.15679,0.7561182218,0.8952380952,0.8016992004,0.875,0.8519001583,0.7619047619,2.748142
266,0.6543660254,0.9619047619,0.6687499071,0.9583333333,0.6431224875,0.9523809524,0.406428,0.829538449,0.8761904762,0.8981398247,0.7916666667,0.9348293334,0.619047619,2.804299
267,0.6510500265,0.9619047619,0.6655359076,0.9583333333,0.6396230402,0.9523809524,0.159642,0.7582030539,0.9238095238,0.8218027162,0.8333333333,0.8435447795,0.8095238095,2.755678
268,0.6477422962,0.9619047619,0.6623296675,0.9583333333,0.6361303418,0.9523809524,0.161882,0.7510525714,0.9142857143,0.8237762731,0.7916666667,0.822556709,0.8095238095,2.768784
269,0.6444431771,0.9619047619,0.6591315142,0.9583333333,0.6326447697,0.9523809524,0.442521,0.7369603823,0.9333333333,0.8075557945,0.875,0.8240592089,0.7619047619,2.753389
270,0.6411530032,0.9619047619,0.6559417667,0.9583333333,0.6291666938,0.9523809524,0.197351,0.7628583974,0.8952380952,0.8256398532,0.7916666667,0.8073602161,0.8095238095,2.790944
271,0.6378720989,0.9619047619,0.6527607349,0.9583333333,0.6256964754,0.9523809524,0.168743,0.7392708338,0.9142857143,0.7830741859,1,0.8235178272,0.8095238095,2.755731
272,0.6346007798,0.9619047619,0.64958872,0.9583333333,0.6222344674,0.9523809524,0.466769,0.7404159816,0.9238095238,0.7864880804,0.9583333333,0.8051368388,0.8095238095,2.766042
273,0.6313393521,0.9619047619,0.6464260143,0.9583333333,0.6187810147,0.9523809524,0.190716,0.7813282393,0.9142857143,0.8372442535,0.9583333333,0.8993399794,0.8095238095,2.78079
274,0.6280881127,0.9619047619,0.6432729012,0.9583333333,0.6153364532,0.9523809524,0.185011,0.7362043054,0.9142857143,0.7932202497,0.7916666667,0.8142647657,0.8095238095,2.792718
275,0.624847349,0.9619047619,0.6401296549,0.9583333333,0.6119011105,0.9523809524,0.449321,0.7158269238,0.9238095238,0.774783094,0.8333333333,0.7878287454,0.8095238095,2.728923
276,0.6216173395,0.9619047619,0.6369965409,0.9583333333,0.6084753056,0.9523809524,0.187936,0.7094589917,0.9428571429,0.7729546489,0.7916666667,0.7833298862,0.8095238095,2.765776
277,0.6183983528,0.9619047619,0.6338738155,0.9583333333,0.6050593487,0.9523809524,0.185976,0.7396051571,0.9238095238,0.8216832884,0.8333333333,0.8393639154,0.7619047619,2.761459
278,0.6151906487,0.9619047619,0.6307617262,0.9583333333,0.6016535415,0.9523809524,0.458253,0.7208342153,0.9333333333,0.772900016,0.8333333333,0.7926972781,0.8095238095,2.764537
279,0.6119944774,0.9619047619,0.6276605114,0.9583333333,0.5982581769,0.9523809524,0.180502,0.7341174639,0.9238095238,0.7798944004,0.875,0.8200810352,0.7619047619,3.159336
280,0.6088100798,0.9619047619,0.6245704007,0.9583333333,0.5948735391,0.9523809524,0.16069,0.7275561532,0.9523809524,0.7914693128,0.8333333333,0.8210263852,0.8095238095,3.021674
281,0.6056376876,0.9619047619,0.6214916149,0.9583333333,0.5914999037,0.9523809524,0.449065,0.707094831,0.9333333333,0.7702453471,0.8333333333,0.7822901433,0.8095238095,2.912143
282,0.6024775235,0.9619047619,0.6184243659,0.9583333333,0.5881375375,0.9523809524,0.18782,0.701129083,0.9238095238,0.7782924918,0.875,0.7667838531,0.8095238095,2.911613
283,0.5993298009,0.9619047619,0.6153688568,0.9583333333,0.5847866988,0.9523809524,0.178824,0.7028463008,0.9428571429,0.7559580943,0.875,0.774075588,0.8095238095,2.909932
284,0.5961947242,0.9619047619,0.6123252821,0.9583333333,0.5814476374,0.9523809524,0.426907,0.8937633651,0.8285714286,0.9409568789,0.6666666667,0.9881384265,0.5714285714,3.064754
285,0.593072489,0.9619047619,0.609293828,0.9583333333,0.5781205943,0.9523809524,0.178431,0.8638064767,0.8380952381,0.9402270436,0.7916666667,0.9945892938,0.4761904762,2.924399
286,0.5899632819,0.9619047619,0.6062746718,0.9583333333,0.5748058023,0.9523809524,0.17919,0.7952558693,0.9142857143,0.863685931,0.8333333333,0.9020072015,0.6666666667,2.879387
287,0.5868672808,0.9619047619,0.6032679828,0.9583333333,0.5715034858,0.9523809524,0.421411,0.7203404521,0.9047619048,0.8142202763,0.875,0.8051469023,0.7142857143,2.951706
288,0.5837846551,0.9619047619,0.6002739219,0.9583333333,0.5682138606,0.9523809524,0.184161,0.699333597,0.9238095238,0.7530457196,0.8333333333,0.7611831948,0.7619047619,2.978382
289,0.5807155657,0.9619047619,0.5972926418,0.9583333333,0.5649371345,0.9523809524,0.170171,0.6887089987,0.9238095238,0.750331174,0.8333333333,0.7696101713,0.7619047619,2.940894
290,0.5776601648,0.9619047619,0.5943242874,0.9583333333,0.5616735073,0.9523809524,0.409013,0.67741168,0.9619047619,0.7540653136,0.875,0.7417033786,0.8095238095,2.879996
291,0.5746185969,0.9619047619,0.5913689955,0.9583333333,0.5584231705,0.9523809524,0.181985,0.6747003882,0.9523809524,0.7443446099,0.875,0.7627586068,0.8571428571,2.877537
292,0.5715909979,0.9619047619,0.5884268954,0.9583333333,0.5551863077,0.9523809524,0.161045,0.6883441755,0.9428571429,0.8075982119,0.8333333333,0.743570126,0.7619047619,2.876443
293,0.5685774961,0.9619047619,0.5854981087,0.9583333333,0.551963095,0.9523809524,0.417425,0.719731945,0.9238095238,0.8115251257,0.7916666667,0.8369622958,0.7619047619,2.861882
294,0.5655782119,0.9619047619,0.5825827496,0.9583333333,0.5487537004,0.9523809524,0.187712,0.6872062123,0.9523809524,0.7696973515,0.875,0.7713142456,0.7619047619,2.888077
295,0.562593258,0.9619047619,0.579680925,0.9583333333,0.5455582846,0.9523809524,0.173081,0.6631451458,0.9142857143,0.7185634282,0.9166666667,0.7361278564,0.7619047619,2.876382
296,0.5596227399,0.9619047619,0.5767927348,0.9583333333,0.5423770009,0.9523809524,0.422305,0.6657167867,0.9619047619,0.7393441859,0.9166666667,0.7301094705,0.8571428571,2.898374
297,0.5566667554,0.9619047619,0.5739182716,0.9583333333,0.5392099951,0.9523809524,0.192877,0.6914500463,0.9523809524,0.7684922881,0.875,0.7341029576,0.7619047619,2.931069
298,0.5537253954,0.9619047619,0.5710576217,0.9583333333,0.5360574061,0.9523809524,0.166117,0.6691473642,0.9714285714,0.7500592996,0.875,0.7568965268,0.8571428571,2.895534
299,0.5507987439,0.9619047619,0.5682108645,0.9583333333,0.5329193657,0.9523809524,0.428632,0.6565224119,0.9619047619,0.735712161,0.8333333333,0.7364154124,0.8571428571,2.931893
300,0.547886878,0.9619047619,0.5653780728,0.9583333333,0.5297959987,0.9523809524,0.18919,0.6427609696,0.980952381,0.7184574887,0.875,0.7142317255,0.8095238095,2.96334
